ID;Word;Category;IsActive
00000000-0000-0000-0000-000000000001; amık ;Cinsellik / Küfür;TRUE
00000000-0000-0000-0000-000000000003; amın;Cinsellik / Küfür;TRUE
00000000-0000-0000-0000-000000000004; amina;Cinsellik / Küfür;TRUE
00000000-0000-0000-0000-000000000005; amına;Cinsellik / Küfür;TRUE
00000000-0000-0000-0000-000000000006; aminda;Cinsellik / Küfür;TRUE
00000000-0000-0000-0000-000000000007; amindan;Cinsellik / Küfür;TRUE
00000000-0000-0000-0000-000000000008; amini;Cinsellik / Küfür;TRUE
00000000-0000-0000-0000-000000000009; amını;Cinsellik / Küfür;TRUE
00000000-0000-0000-0000-000000000010; amını s;Cinsellik / Küfür;TRUE
00000000-0000-0000-0000-000000000011; amlı ;Cinsellik / Küfür;TRUE
00000000-0000-0000-0000-000000000012; anal ;Cinsellik / Küfür;TRUE
00000000-0000-0000-0000-000000000013; anan ;Cinsellik / Küfür;TRUE
00000000-0000-0000-0000-000000000014; anana ;Cinsellik / Küfür;TRUE
00000000-0000-0000-0000-000000000015; anandan;Cinsellik / Küfür;TRUE
00000000-0000-0000-0000-000000000002; anani ;Cinsellik / Küfür;TRUE
00000000-0000-0000-0000-000000000016; ananı ;Cinsellik / Küfür;TRUE
00000000-0000-0000-0000-000000000017; ananin;Cinsellik / Küfür;TRUE
00000000-0000-0000-0000-000000000018; ananın;Cinsellik / Küfür;TRUE
00000000-0000-0000-0000-000000000019; anasını;Cinsellik / Küfür;TRUE
00000000-0000-0000-0000-000000000020; anasinin;Cinsellik / Küfür;TRUE
00000000-0000-0000-0000-000000000021; attırdığım;Cinsellik / Küfür;TRUE
00000000-0000-0000-0000-000000000022; azdım;Cinsellik / Küfür;TRUE
00000000-0000-0000-0000-000000000023; azdırıcı;Cinsellik / Küfür;TRUE
00000000-0000-0000-0000-000000000024; mcik;Cinsellik / Küfür;TRUE
00000000-0000-0000-0000-000000000025; meme ;Cinsellik / Küfür;TRUE
00000000-0000-0000-0000-000000000026; memeler ;Cinsellik / Küfür;TRUE
00000000-0000-0000-0000-000000000027; sikis;Cinsellik / Küfür;TRUE
00000000-0000-0000-0000-000000000028; ulan;Cinsellik / Küfür;TRUE
00000000-0000-0000-0000-000000000029; yalamak;Cinsellik / Küfür;TRUE
00000000-0000-0000-0000-000000000030; yarak;Cinsellik / Küfür;TRUE
00000000-0000-0000-0000-000000000031;a q;Cinsellik / Küfür;TRUE
00000000-0000-0000-0000-000000000032;a.q;Cinsellik / Küfür;TRUE
00000000-0000-0000-0000-000000000033;a.q.;Cinsellik / Küfür;TRUE
00000000-0000-0000-0000-000000000034;abanmak ;Saygısız & Uygunsuz;TRUE
00000000-0000-0000-0000-000000000035;abazan;Cinsellik / Küfür;TRUE
00000000-0000-0000-0000-000000000036;Adalet Birlik Partisi;Siyasi;TRUE
00000000-0000-0000-0000-000000000037;Adalet Partisi;Siyasi;TRUE
00000000-0000-0000-0000-000000000038;adalet ve kalkinma partisi;Siyasi;TRUE
00000000-0000-0000-0000-000000000039;Adalet ve Kalkınma Partisi;Siyasi;TRUE
00000000-0000-0000-0000-000000000040;adi şerefsiz;Cinsellik / Küfür;TRUE
00000000-0000-0000-0000-000000000041;adı şerefsiz;Cinsellik / Küfür;TRUE
00000000-0000-0000-0000-000000000042;aftos ;Saygısız & Uygunsuz;TRUE
00000000-0000-0000-0000-000000000043;ag;Cinsellik / Küfür;TRUE
00000000-0000-0000-0000-000000000044;ağzına sıçayım;Cinsellik / Küfür;TRUE
00000000-0000-0000-0000-000000000045;ahmak;Cinsellik / Küfür;TRUE
00000000-0000-0000-0000-000000000046;Ak parti;Siyasi;TRUE
00000000-0000-0000-0000-000000000047;aklına tükürmek ;Saygısız & Uygunsuz;TRUE
00000000-0000-0000-0000-000000000048;akp;Siyasi;TRUE
00000000-0000-0000-0000-000000000049;allah belanı;Cinsellik / Küfür;TRUE
00000000-0000-0000-0000-000000000050;allahsız;Cinsellik / Küfür;TRUE
00000000-0000-0000-0000-000000000051;am;Cinsellik / Küfür;TRUE
00000000-0000-0000-0000-000000000052;am biti;Cinsellik / Küfür;TRUE
00000000-0000-0000-0000-000000000053;ambiti;Cinsellik / Küfür;TRUE
00000000-0000-0000-0000-000000000054;amcığı;Cinsellik / Küfür;TRUE
00000000-0000-0000-0000-000000000055;amcik;Cinsellik / Küfür;TRUE
00000000-0000-0000-0000-000000000056;amcık;Cinsellik / Küfür;TRUE
00000000-0000-0000-0000-000000000057;amck;Cinsellik / Küfür;TRUE
00000000-0000-0000-0000-000000000058;amcıh;Cinsellik / Küfür;TRUE
00000000-0000-0000-0000-000000000059;amcuk;Cinsellik / Küfür;TRUE
00000000-0000-0000-0000-000000000060;amı;Cinsellik / Küfür;TRUE
00000000-0000-0000-0000-000000000061;amın feryadı;Cinsellik / Küfür;TRUE
00000000-0000-0000-0000-000000000062;amin oglu;Cinsellik / Küfür;TRUE
00000000-0000-0000-0000-000000000063;amın oglu;Cinsellik / Küfür;TRUE
00000000-0000-0000-0000-000000000064;amın oğlu;Cinsellik / Küfür;TRUE
00000000-0000-0000-0000-000000000065;amına kodumun;Cinsellik / Küfür;TRUE
00000000-0000-0000-0000-000000000066;amına korum sus;Cinsellik / Küfür;TRUE
00000000-0000-0000-0000-000000000067;amına koy;Cinsellik / Küfür;TRUE
00000000-0000-0000-0000-000000000068;amina koyarim;Cinsellik / Küfür;TRUE
00000000-0000-0000-0000-000000000069;amına koyarım;Cinsellik / Küfür;TRUE
00000000-0000-0000-0000-000000000070;amina koyayim;Cinsellik / Küfür;TRUE
00000000-0000-0000-0000-000000000071;amina koyayım;Cinsellik / Küfür;TRUE
00000000-0000-0000-0000-000000000072;amına koyayım;Cinsellik / Küfür;TRUE
00000000-0000-0000-0000-000000000073;amına koyduğum;Cinsellik / Küfür;TRUE
00000000-0000-0000-0000-000000000074;amına koyim;Cinsellik / Küfür;TRUE
00000000-0000-0000-0000-000000000075;amına koyuyum senin;Cinsellik / Küfür;TRUE
00000000-0000-0000-0000-000000000076;amına koyyim;Cinsellik / Küfür;TRUE
00000000-0000-0000-0000-000000000077;amına sikem;Cinsellik / Küfür;TRUE
00000000-0000-0000-0000-000000000078;amına sokam;Cinsellik / Küfür;TRUE
00000000-0000-0000-0000-000000000079;amına sokayım;Cinsellik / Küfür;TRUE
00000000-0000-0000-0000-000000000080;aminako;Cinsellik / Küfür;TRUE
00000000-0000-0000-0000-000000000081;amınako;Cinsellik / Küfür;TRUE
00000000-0000-0000-0000-000000000082;amınakoyim;Cinsellik / Küfür;TRUE
00000000-0000-0000-0000-000000000083;amindayken;Cinsellik / Küfür;TRUE
00000000-0000-0000-0000-000000000084;amını aç;Cinsellik / Küfür;TRUE
00000000-0000-0000-0000-000000000085;amını sik;Cinsellik / Küfür;TRUE
00000000-0000-0000-0000-000000000086;amını yemek istiyorum;Cinsellik / Küfür;TRUE
00000000-0000-0000-0000-000000000087;amını yerim;Cinsellik / Küfür;TRUE
00000000-0000-0000-0000-000000000088;aminiyarraaniskiim;Cinsellik / Küfür;TRUE
00000000-0000-0000-0000-000000000089;amınıza koyacağım;Cinsellik / Küfür;TRUE
00000000-0000-0000-0000-000000000090;amınıza koyarım;Cinsellik / Küfür;TRUE
00000000-0000-0000-0000-000000000091;amınıza koyayım;Cinsellik / Küfür;TRUE
00000000-0000-0000-0000-000000000092;amınıza koyim sizin;Cinsellik / Küfür;TRUE
00000000-0000-0000-0000-000000000093;amınızı sikeceğim;Cinsellik / Küfür;TRUE
00000000-0000-0000-0000-000000000094;aminoglu;Cinsellik / Küfür;TRUE
00000000-0000-0000-0000-000000000095;amınoğlu;Cinsellik / Küfür;TRUE
00000000-0000-0000-0000-000000000096;amısına;Cinsellik / Küfür;TRUE
00000000-0000-0000-0000-000000000097;amısını;Cinsellik / Küfür;TRUE
00000000-0000-0000-0000-000000000098;amiyum;Cinsellik / Küfür;TRUE
00000000-0000-0000-0000-000000000099;amk;Cinsellik / Küfür;TRUE
00000000-0000-0000-0000-000000000100;amk çocuğu;Cinsellik / Küfür;TRUE
00000000-0000-0000-0000-000000000101;amkafa;Cinsellik / Küfür;TRUE
00000000-0000-0000-0000-000000000102;amlarnzn;Cinsellik / Küfür;TRUE
00000000-0000-0000-0000-000000000103;amm;Cinsellik / Küfür;TRUE
00000000-0000-0000-0000-000000000104;ammak;Cinsellik / Küfür;TRUE
00000000-0000-0000-0000-000000000105;ammna;Cinsellik / Küfür;TRUE
00000000-0000-0000-0000-000000000106;amn;Cinsellik / Küfür;TRUE
00000000-0000-0000-0000-000000000107;amnda;Cinsellik / Küfür;TRUE
00000000-0000-0000-0000-000000000108;amndaki;Cinsellik / Küfür;TRUE
00000000-0000-0000-0000-000000000109;amngtn;Cinsellik / Küfür;TRUE
00000000-0000-0000-0000-000000000110;amnn;Cinsellik / Küfür;TRUE
00000000-0000-0000-0000-000000000111;amona;Cinsellik / Küfür;TRUE
00000000-0000-0000-0000-000000000112;amq;Cinsellik / Küfür;TRUE
00000000-0000-0000-0000-000000000113;amsalak;Cinsellik / Küfür;TRUE
00000000-0000-0000-0000-000000000114;amteri;Cinsellik / Küfür;TRUE
00000000-0000-0000-0000-000000000115;amuğa;Cinsellik / Küfür;TRUE
00000000-0000-0000-0000-000000000116;amugaa;Cinsellik / Küfür;TRUE
00000000-0000-0000-0000-000000000117;amuna;Cinsellik / Küfür;TRUE
00000000-0000-0000-0000-000000000118;anaaann;Cinsellik / Küfür;TRUE
00000000-0000-0000-0000-000000000119;analarn;Cinsellik / Küfür;TRUE
00000000-0000-0000-0000-000000000120;anam avradım olsun ;Saygısız & Uygunsuz;TRUE
00000000-0000-0000-0000-000000000121;ananı sik;Cinsellik / Küfür;TRUE
00000000-0000-0000-0000-000000000122;ananın am;Cinsellik / Küfür;TRUE
00000000-0000-0000-0000-000000000123;ananın dölü;Cinsellik / Küfür;TRUE
00000000-0000-0000-0000-000000000124;ananın örekesi ;Saygısız & Uygunsuz;TRUE
00000000-0000-0000-0000-000000000125;ananınki;Cinsellik / Küfür;TRUE
00000000-0000-0000-0000-000000000126;ananısik;Cinsellik / Küfür;TRUE
00000000-0000-0000-0000-000000000127;ananızı avradınızı;Cinsellik / Küfür;TRUE
00000000-0000-0000-0000-000000000128;ananızın am;Cinsellik / Küfür;TRUE
00000000-0000-0000-0000-000000000129;anann;Cinsellik / Küfür;TRUE
00000000-0000-0000-0000-000000000130;ananz;Cinsellik / Küfür;TRUE
00000000-0000-0000-0000-000000000131;orosp;Cinsellik / Küfür;TRUE
00000000-0000-0000-0000-000000000132;anasının am;Cinsellik / Küfür;TRUE
00000000-0000-0000-0000-000000000133;anasının gözü ;Saygısız & Uygunsuz;TRUE
00000000-0000-0000-0000-000000000134;Anavatan Partisi;Siyasi;TRUE
00000000-0000-0000-0000-000000000135;andaval ;Saygısız & Uygunsuz;TRUE
00000000-0000-0000-0000-000000000136;angut;Cinsellik / Küfür;TRUE
00000000-0000-0000-0000-000000000137;antipatik;Saygısız & Uygunsuz;TRUE
00000000-0000-0000-0000-000000000138;anuna;Cinsellik / Küfür;TRUE
00000000-0000-0000-0000-000000000139;AP;Siyasi;TRUE
00000000-0000-0000-0000-000000000140;aparmak ;Saygısız & Uygunsuz;TRUE
00000000-0000-0000-0000-000000000141;aptal;Saygısız & Uygunsuz;TRUE
00000000-0000-0000-0000-000000000142;aq;Cinsellik / Küfür;TRUE
00000000-0000-0000-0000-000000000143;aq.;Cinsellik / Küfür;TRUE
00000000-0000-0000-0000-000000000144;arakçı ;Saygısız & Uygunsuz;TRUE
00000000-0000-0000-0000-000000000145;As Parti;Siyasi;TRUE
00000000-0000-0000-0000-000000000146;asalak;Saygısız & Uygunsuz;TRUE
00000000-0000-0000-0000-000000000147;askıntı;Saygısız & Uygunsuz;TRUE
00000000-0000-0000-0000-000000000148;aşıramento ;Saygısız & Uygunsuz;TRUE
00000000-0000-0000-0000-000000000149;aşna fişne ;Saygısız & Uygunsuz;TRUE
00000000-0000-0000-0000-000000000150;ass;Cinsellik / Küfür;TRUE
00000000-0000-0000-0000-000000000151;asshole;Cinsellik / Küfür;TRUE
00000000-0000-0000-0000-000000000152;atmık;Cinsellik / Küfür;TRUE
00000000-0000-0000-0000-000000000153;attrrm;Cinsellik / Küfür;TRUE
00000000-0000-0000-0000-000000000154;avrat;Cinsellik / Küfür;TRUE
00000000-0000-0000-0000-000000000155;ayklarmalrmsikerim;Cinsellik / Küfür;TRUE
00000000-0000-0000-0000-000000000156;ayran ağızlı ;Saygısız & Uygunsuz;TRUE
00000000-0000-0000-0000-000000000157;Ayyıldız Partisi;Siyasi;TRUE
00000000-0000-0000-0000-000000000158;azdirici;Cinsellik / Küfür;TRUE
00000000-0000-0000-0000-000000000159;azgin;Cinsellik / Küfür;TRUE
00000000-0000-0000-0000-000000000160; azgın;Cinsellik / Küfür;TRUE
00000000-0000-0000-0000-000000000161;babaannesi kaşar;Cinsellik / Küfür;TRUE
00000000-0000-0000-0000-000000000162;babası pezevenk;Cinsellik / Küfür;TRUE
00000000-0000-0000-0000-000000000163;bacağına sıçayım;Cinsellik / Küfür;TRUE
00000000-0000-0000-0000-000000000164;bacak arası;Cinsellik / Küfür;TRUE
00000000-0000-0000-0000-000000000165;bacına;Cinsellik / Küfür;TRUE
00000000-0000-0000-0000-000000000166;bacini;Cinsellik / Küfür;TRUE
00000000-0000-0000-0000-000000000167;bacını;Cinsellik / Küfür;TRUE
00000000-0000-0000-0000-000000000168;bacn;Cinsellik / Küfür;TRUE
00000000-0000-0000-0000-000000000169;Bağımsız Cumhuriyet Partisi;Siyasi;TRUE
00000000-0000-0000-0000-000000000170;Bağımsız Türkiye Partisi;Siyasi;TRUE
00000000-0000-0000-0000-000000000171;bakire;Cinsellik / Küfür;TRUE
00000000-0000-0000-0000-000000000172;Bakur;Siyasi;TRUE
00000000-0000-0000-0000-000000000173;bastard;Cinsellik / Küfür;TRUE
00000000-0000-0000-0000-000000000174;belanı;Cinsellik / Küfür;TRUE
00000000-0000-0000-0000-000000000175;berbat;Saygısız & Uygunsuz;TRUE
00000000-0000-0000-0000-000000000176;beyinsiz;Saygısız & Uygunsuz;TRUE
00000000-0000-0000-0000-000000000177;Birleşik Devrimci Parti;Siyasi;TRUE
00000000-0000-0000-0000-000000000178;biseksuel;Cinsellik / Küfür;TRUE
00000000-0000-0000-0000-000000000179;bitch;Cinsellik / Küfür;TRUE
00000000-0000-0000-0000-000000000180;biting;Cinsellik / Küfür;TRUE
00000000-0000-0000-0000-000000000181;bızır;Cinsellik / Küfür;TRUE
00000000-0000-0000-0000-000000000182;bok;Saygısız & Uygunsuz;TRUE
00000000-0000-0000-0000-000000000183;boka;Cinsellik / Küfür;TRUE
00000000-0000-0000-0000-000000000184;bokbok;Cinsellik / Küfür;TRUE
00000000-0000-0000-0000-000000000185;bokça;Cinsellik / Küfür;TRUE
00000000-0000-0000-0000-000000000186;bokhu;Cinsellik / Küfür;TRUE
00000000-0000-0000-0000-000000000187;bokkkumu;Cinsellik / Küfür;TRUE
00000000-0000-0000-0000-000000000188;boklar;Cinsellik / Küfür;TRUE
00000000-0000-0000-0000-000000000189;boktan;Cinsellik / Küfür;TRUE
00000000-0000-0000-0000-000000000190;boku;Cinsellik / Küfür;TRUE
00000000-0000-0000-0000-000000000191;bombok;Cinsellik / Küfür;TRUE
00000000-0000-0000-0000-000000000192;boner;Cinsellik / Küfür;TRUE
00000000-0000-0000-0000-000000000193;boob;Cinsellik / Küfür;TRUE
00000000-0000-0000-0000-000000000194;bosaldım;Cinsellik / Küfür;TRUE
00000000-0000-0000-0000-000000000195;bosalmak;Cinsellik / Küfür;TRUE
00000000-0000-0000-0000-000000000196;boşalmak;Cinsellik / Küfür;TRUE
00000000-0000-0000-0000-000000000197;Büyük Birlik Partisi;Siyasi;TRUE
00000000-0000-0000-0000-000000000198;Büyük Türkiye Partisi;Siyasi;TRUE
00000000-0000-0000-0000-000000000199;canın cehenneme;Saygısız & Uygunsuz;TRUE
00000000-0000-0000-0000-000000000200;çarkına ed ;Saygısız & Uygunsuz;TRUE
00000000-0000-0000-0000-000000000201;cenabet;Cinsellik / Küfür;TRUE
00000000-0000-0000-0000-000000000202;centilmenlik anlaşması;Rekabet Hukuku;TRUE
00000000-0000-0000-0000-000000000203;chp;Siyasi;TRUE
00000000-0000-0000-0000-000000000204;cibiliyet;Cinsellik / Küfür;TRUE
00000000-0000-0000-0000-000000000205;ciftles;Cinsellik / Küfür;TRUE
00000000-0000-0000-0000-000000000206;çiftleş;Cinsellik / Küfür;TRUE
00000000-0000-0000-0000-000000000207;Cihan Partisi;Siyasi;TRUE
00000000-0000-0000-0000-000000000208;CİHAP;Siyasi;TRUE
00000000-0000-0000-0000-000000000209;Cinayey;Siyasi;TRUE
00000000-0000-0000-0000-000000000210;çiş;Cinsellik / Küfür;TRUE
00000000-0000-0000-0000-000000000211;cock;İngilizce;TRUE
00000000-0000-0000-0000-000000000212;Çoğulcu Demokrasi Partisi;Siyasi;TRUE
00000000-0000-0000-0000-000000000213;crap;İngilizce;TRUE
00000000-0000-0000-0000-000000000214;çük;Cinsellik / Küfür;TRUE
00000000-0000-0000-0000-000000000215;cumhuriyet halk partisi;Siyasi;TRUE
00000000-0000-0000-0000-000000000216;DAES;Siyasi;TRUE
00000000-0000-0000-0000-000000000217;DAEŞ;Siyasi;TRUE
00000000-0000-0000-0000-000000000218;dalkavuk;Cinsellik / Küfür;TRUE
00000000-0000-0000-0000-000000000219;dallama;Saygısız & Uygunsuz;TRUE
00000000-0000-0000-0000-000000000220;daltassak;Cinsellik / Küfür;TRUE
00000000-0000-0000-0000-000000000221;dalyarak;Cinsellik / Küfür;TRUE
00000000-0000-0000-0000-000000000222;dalyarrak;Cinsellik / Küfür;TRUE
00000000-0000-0000-0000-000000000223;dangalak;Cinsellik / Küfür;TRUE
00000000-0000-0000-0000-000000000224;daşak;Cinsellik / Küfür;TRUE
00000000-0000-0000-0000-000000000225;dassagi;Cinsellik / Küfür;TRUE
00000000-0000-0000-0000-000000000226;daşşak;Cinsellik / Küfür;TRUE
00000000-0000-0000-0000-000000000227;dava arkadaşı;Siyasi;TRUE
00000000-0000-0000-0000-000000000228;DEAŞ;Siyasi;TRUE
00000000-0000-0000-0000-000000000229;defol;Saygısız & Uygunsuz;TRUE
00000000-0000-0000-0000-000000000230;Demokrasi ve Atılım Partisi;Siyasi;TRUE
00000000-0000-0000-0000-000000000231;Demokrasi Zamanı Partisi;Siyasi;TRUE
00000000-0000-0000-0000-000000000232;Demokrat Parti;Siyasi;TRUE
00000000-0000-0000-0000-000000000233;Demokratik Bölgeler Partisi;Siyasi;TRUE
00000000-0000-0000-0000-000000000234;Demokratik Genç Parti;Siyasi;TRUE
00000000-0000-0000-0000-000000000235;Demokratik Sol Halk Partisi;Siyasi;TRUE
00000000-0000-0000-0000-000000000236;Demokratik Sol Parti;Siyasi;TRUE
00000000-0000-0000-0000-000000000237;denyo;Saygısız & Uygunsuz;TRUE
00000000-0000-0000-0000-000000000238;Devrimci Halk Kurtuluş Partisi/Cephesi;Siyasi;TRUE
00000000-0000-0000-0000-000000000239;Devrimci İşçi Partisi;Siyasi;TRUE
00000000-0000-0000-0000-000000000240;DEVRİMCİ PARTİ;Siyasi;TRUE
00000000-0000-0000-0000-000000000241;Devrimci Sosyalist İşçi Partisi;Siyasi;TRUE
00000000-0000-0000-0000-000000000242;DEZA-PAR;Siyasi;TRUE
00000000-0000-0000-0000-000000000243;DHKP;Siyasi;TRUE
00000000-0000-0000-0000-000000000244;DHKP/C;Siyasi;TRUE
00000000-0000-0000-0000-000000000245;DHKPC;Siyasi;TRUE
00000000-0000-0000-0000-000000000246;DHKP-C;Siyasi;TRUE
00000000-0000-0000-0000-000000000247;dick;Cinsellik / Küfür;TRUE
00000000-0000-0000-0000-000000000248;dildo;Cinsellik / Küfür;TRUE
00000000-0000-0000-0000-000000000249;dingil;Saygısız & Uygunsuz;TRUE
00000000-0000-0000-0000-000000000250;dingilini;Cinsellik / Küfür;TRUE
00000000-0000-0000-0000-000000000251;dinsiz;Cinsellik / Küfür;TRUE
00000000-0000-0000-0000-000000000252;direnis;Siyasi;TRUE
00000000-0000-0000-0000-000000000253;direniş;Siyasi;TRUE
00000000-0000-0000-0000-000000000254;dkerim;Cinsellik / Küfür;TRUE
00000000-0000-0000-0000-000000000255;Doğru Yol Partisi;Siyasi;TRUE
00000000-0000-0000-0000-000000000256;dölü;Cinsellik / Küfür;TRUE
00000000-0000-0000-0000-000000000257;domal;Cinsellik / Küfür;TRUE
00000000-0000-0000-0000-000000000258;dönek;Cinsellik / Küfür;TRUE
00000000-0000-0000-0000-000000000259;DP;Siyasi;TRUE
00000000-0000-0000-0000-000000000260;DSP;Siyasi;TRUE
00000000-0000-0000-0000-000000000261;düdükleme;Saygısız & Uygunsuz;TRUE
00000000-0000-0000-0000-000000000262;dumbuk;Saygısız & Uygunsuz;TRUE
00000000-0000-0000-0000-000000000263;dümbük;Saygısız & Uygunsuz;TRUE
00000000-0000-0000-0000-000000000264;DYP;Siyasi;TRUE
00000000-0000-0000-0000-000000000265;Ebedi Nizam Partisi;Siyasi;TRUE
00000000-0000-0000-0000-000000000266; eben ;Cinsellik / Küfür;TRUE
00000000-0000-0000-0000-000000000267;ebeni;Cinsellik / Küfür;TRUE
00000000-0000-0000-0000-000000000268;ebleh;Cinsellik / Küfür;TRUE
00000000-0000-0000-0000-000000000269;ecdadini;Cinsellik / Küfür;TRUE
00000000-0000-0000-0000-000000000270;ecdadını;Cinsellik / Küfür;TRUE
00000000-0000-0000-0000-000000000271;Ekstazi;Uyuşturucu;TRUE
00000000-0000-0000-0000-000000000272;El-Kaide Terör Örgütü Türkiye Yapılanması;Siyasi;TRUE
00000000-0000-0000-0000-000000000273;embesil;Saygısız & Uygunsuz;TRUE
00000000-0000-0000-0000-000000000274;Emek Partisi;Siyasi;TRUE
00000000-0000-0000-0000-000000000275;Emekçi Hareket Partisi;Siyasi;TRUE
00000000-0000-0000-0000-000000000276;enayi dümbeleği ;Saygısız & Uygunsuz;TRUE
00000000-0000-0000-0000-000000000277;Engelsiz Türkiye Partisi;Siyasi;TRUE
00000000-0000-0000-0000-000000000278;ensest;Cinsellik / Küfür;TRUE
00000000-0000-0000-0000-000000000279;Eroin;Uyuşturucu;TRUE
00000000-0000-0000-0000-000000000280;erotic;Cinsellik / Küfür;TRUE
00000000-0000-0000-0000-000000000281;erotig;Cinsellik / Küfür;TRUE
00000000-0000-0000-0000-000000000282;erotik;Cinsellik / Küfür;TRUE
00000000-0000-0000-0000-000000000283;erotizm;Cinsellik / Küfür;TRUE
00000000-0000-0000-0000-000000000284;escort;Cinsellik / Küfür;TRUE
00000000-0000-0000-0000-000000000285;eskort;Cinsellik / Küfür;TRUE
00000000-0000-0000-0000-000000000286;Esnaf ve Çiftçi Partisi;Siyasi;TRUE
00000000-0000-0000-0000-000000000287; Esrar ;Uyuşturucu;TRUE
00000000-0000-0000-0000-000000000288;Extacy;Uyuşturucu;TRUE
00000000-0000-0000-0000-000000000289; ezik ;Saygısız & Uygunsuz;TRUE
00000000-0000-0000-0000-000000000290;Ezilenlerin Sosyalist Partisi;Siyasi;TRUE
00000000-0000-0000-0000-000000000291;façasını almak ;Saygısız & Uygunsuz;TRUE
00000000-0000-0000-0000-000000000292;fahise;Cinsellik / Küfür;TRUE
00000000-0000-0000-0000-000000000293;fahişe;Cinsellik / Küfür;TRUE
00000000-0000-0000-0000-000000000294;fantazi;Cinsellik / Küfür;TRUE
00000000-0000-0000-0000-000000000295;fantezi;Cinsellik / Küfür;TRUE
00000000-0000-0000-0000-000000000296;faşist;Siyasi;TRUE
00000000-0000-0000-0000-000000000297;fetiş;Cinsellik / Küfür;TRUE
00000000-0000-0000-0000-000000000298;fetish;Cinsellik / Küfür;TRUE
00000000-0000-0000-0000-000000000299;FETÖ;Siyasi;TRUE
00000000-0000-0000-0000-000000000300;Fetullahçı Terör Örgütü;Siyasi;TRUE
00000000-0000-0000-0000-000000000301;dekolte;Cinsellik / Küfür;TRUE
00000000-0000-0000-0000-000000000302;fiyat anlaşması;Rekabet Hukuku;TRUE
00000000-0000-0000-0000-000000000303;fiyat birliği;Rekabet Hukuku;TRUE
00000000-0000-0000-0000-000000000304;fiyat istikrarı;Rekabet Hukuku;TRUE
00000000-0000-0000-0000-000000000305;fiyatlara müdahele;Rekabet Hukuku;TRUE
00000000-0000-0000-0000-000000000306;fiyatlara uy;Rekabet Hukuku;TRUE
00000000-0000-0000-0000-000000000307;fiyatları yukarı çek;Rekabet Hukuku;TRUE
00000000-0000-0000-0000-000000000308;fiyatları yükselt;Rekabet Hukuku;TRUE
00000000-0000-0000-0000-000000000309;fuck;Cinsellik / Küfür;TRUE
00000000-0000-0000-0000-000000000310;gavad;Cinsellik / Küfür;TRUE
00000000-0000-0000-0000-000000000311;gavat;Cinsellik / Küfür;TRUE
00000000-0000-0000-0000-000000000312;gavur;Saygısız & Uygunsuz;TRUE
00000000-0000-0000-0000-000000000313;gay;Cinsellik / Küfür;TRUE
00000000-0000-0000-0000-000000000314;geber;Cinsellik / Küfür;TRUE
00000000-0000-0000-0000-000000000315;gebeş ;Saygısız & Uygunsuz;TRUE
00000000-0000-0000-0000-000000000316;geciktirici;Cinsellik / Küfür;TRUE
00000000-0000-0000-0000-000000000317;Gelecek Partisi;Siyasi;TRUE
00000000-0000-0000-0000-000000000318;Genç Anadolu Partisi;Siyasi;TRUE
00000000-0000-0000-0000-000000000319;Genç Parti;Siyasi;TRUE
00000000-0000-0000-0000-000000000320;genelev;Cinsellik / Küfür;TRUE
00000000-0000-0000-0000-000000000321;genital;Cinsellik / Küfür;TRUE
00000000-0000-0000-0000-000000000322;gerdek;Cinsellik / Küfür;TRUE
00000000-0000-0000-0000-000000000323;geri zekalı;Cinsellik / Küfür;TRUE
00000000-0000-0000-0000-000000000324;gerizeka;Cinsellik / Küfür;TRUE
00000000-0000-0000-0000-000000000325;gerızeka;Cinsellik / Küfür;TRUE
00000000-0000-0000-0000-000000000326;gerzek;Cinsellik / Küfür;TRUE
00000000-0000-0000-0000-000000000327;gey;Cinsellik / Küfür;TRUE
00000000-0000-0000-0000-000000000328;geziparkı;Siyasi;TRUE
00000000-0000-0000-0000-000000000329;goddamn;Cinsellik / Küfür;TRUE
00000000-0000-0000-0000-000000000330;godoş;Cinsellik / Küfür;TRUE
00000000-0000-0000-0000-000000000331;godumun;Cinsellik / Küfür;TRUE
00000000-0000-0000-0000-000000000332;göt;Cinsellik / Küfür;TRUE
00000000-0000-0000-0000-000000000333;göt ;Cinsellik / Küfür;TRUE
00000000-0000-0000-0000-000000000334;götdeliği;Cinsellik / Küfür;TRUE
00000000-0000-0000-0000-000000000335;gotelek;Cinsellik / Küfür;TRUE
00000000-0000-0000-0000-000000000336;götelek;Cinsellik / Küfür;TRUE
00000000-0000-0000-0000-000000000337;gotlalesi;Cinsellik / Küfür;TRUE
00000000-0000-0000-0000-000000000338;götlalesi;Cinsellik / Küfür;TRUE
00000000-0000-0000-0000-000000000339;götlek;Cinsellik / Küfür;TRUE
00000000-0000-0000-0000-000000000340;gotlu;Cinsellik / Küfür;TRUE
00000000-0000-0000-0000-000000000341;götoğlanı;Cinsellik / Küfür;TRUE
00000000-0000-0000-0000-000000000342;götoş;Cinsellik / Küfür;TRUE
00000000-0000-0000-0000-000000000343;gotten;Cinsellik / Küfür;TRUE
00000000-0000-0000-0000-000000000344;götten;Cinsellik / Küfür;TRUE
00000000-0000-0000-0000-000000000345;götü;Cinsellik / Küfür;TRUE
00000000-0000-0000-0000-000000000346;götüm;Cinsellik / Küfür;TRUE
00000000-0000-0000-0000-000000000347;götün;Cinsellik / Küfür;TRUE
00000000-0000-0000-0000-000000000348;gotun;Cinsellik / Küfür;TRUE
00000000-0000-0000-0000-000000000349;gotveren;Cinsellik / Küfür;TRUE
00000000-0000-0000-0000-000000000350;götveren;Cinsellik / Küfür;TRUE
00000000-0000-0000-0000-000000000351;goyiim;Cinsellik / Küfür;TRUE
00000000-0000-0000-0000-000000000352;goyum;Cinsellik / Küfür;TRUE
00000000-0000-0000-0000-000000000353;goyuyim;Cinsellik / Küfür;TRUE
00000000-0000-0000-0000-000000000354;goyyim;Cinsellik / Küfür;TRUE
00000000-0000-0000-0000-000000000355;grup seks;Cinsellik / Küfür;TRUE
00000000-0000-0000-0000-000000000356;grup sex;Cinsellik / Küfür;TRUE
00000000-0000-0000-0000-000000000357;gtelek;Cinsellik / Küfür;TRUE
00000000-0000-0000-0000-000000000358;gtn;Cinsellik / Küfür;TRUE
00000000-0000-0000-0000-000000000359;gtnde;Cinsellik / Küfür;TRUE
00000000-0000-0000-0000-000000000360;gtnden;Cinsellik / Küfür;TRUE
00000000-0000-0000-0000-000000000361;gtne;Cinsellik / Küfür;TRUE
00000000-0000-0000-0000-000000000362;gtten;Cinsellik / Küfür;TRUE
00000000-0000-0000-0000-000000000363;gtveren;Cinsellik / Küfür;TRUE
00000000-0000-0000-0000-000000000364;güneşe karşı işemek ;Saygısız & Uygunsuz;TRUE
00000000-0000-0000-0000-000000000365;Güven Adalet ve Aydınlık Partisi;Siyasi;TRUE
00000000-0000-0000-0000-000000000366;HAK Parti;Siyasi;TRUE
00000000-0000-0000-0000-000000000367;Hak ve Adalet Partisi;Siyasi;TRUE
00000000-0000-0000-0000-000000000368;Hak ve Hakikat Partisi;Siyasi;TRUE
00000000-0000-0000-0000-000000000369;Hak ve Huzur Partisi;Siyasi;TRUE
00000000-0000-0000-0000-000000000370;Hak ve Özgürlükler Partisi;Siyasi;TRUE
00000000-0000-0000-0000-000000000371;HAK-PAR;Siyasi;TRUE
00000000-0000-0000-0000-000000000372;Halkın Kurtuluş Partisi;Siyasi;TRUE
00000000-0000-0000-0000-000000000373;halklarin demokratik partisi;Siyasi;TRUE
00000000-0000-0000-0000-000000000374;Halkların Demokratik Partisi;Siyasi;TRUE
00000000-0000-0000-0000-000000000375;hallenmek ;Saygısız & Uygunsuz;TRUE
00000000-0000-0000-0000-000000000376;hassik;Cinsellik / Küfür;TRUE
00000000-0000-0000-0000-000000000377;hassittir;Cinsellik / Küfür;TRUE
00000000-0000-0000-0000-000000000378;haysiyetsiz;Cinsellik / Küfür;TRUE
00000000-0000-0000-0000-000000000379;hayvan herif;Cinsellik / Küfür;TRUE
00000000-0000-0000-0000-000000000380;hayvan oğlu hayvan;Cinsellik / Küfür;TRUE
00000000-0000-0000-0000-000000000381;hdp;Siyasi;TRUE
00000000-0000-0000-0000-000000000382;Hilafet Devleti;Siyasi;TRUE
00000000-0000-0000-0000-000000000383;hırt;Cinsellik / Küfür;TRUE
00000000-0000-0000-0000-000000000384;hıyar;Saygısız & Uygunsuz;TRUE
00000000-0000-0000-0000-000000000385;Hizbullah;Siyasi;TRUE
00000000-0000-0000-0000-000000000386;hödük ;Saygısız & Uygunsuz;TRUE
00000000-0000-0000-0000-000000000387; homo ;Saygısız & Uygunsuz;TRUE
00000000-0000-0000-0000-000000000388;hsktr;Cinsellik / Küfür;TRUE
00000000-0000-0000-0000-000000000389;HÜDA-PAR;Siyasi;TRUE
00000000-0000-0000-0000-000000000390;hukumet;Siyasi;TRUE
00000000-0000-0000-0000-000000000391;hükümet;Siyasi;TRUE
00000000-0000-0000-0000-000000000392;Hür Dava Partisi;Siyasi;TRUE
00000000-0000-0000-0000-000000000393;huur;Cinsellik / Küfür;TRUE
00000000-0000-0000-0000-000000000394;İBDA;Siyasi;TRUE
00000000-0000-0000-0000-000000000395;ibina;Cinsellik / Küfür;TRUE
00000000-0000-0000-0000-000000000396;ibine;Cinsellik / Küfür;TRUE
00000000-0000-0000-0000-000000000397;ibinenin;Cinsellik / Küfür;TRUE
00000000-0000-0000-0000-000000000398;ibne;Cinsellik / Küfür;TRUE
00000000-0000-0000-0000-000000000399;ıbne;Cinsellik / Küfür;TRUE
00000000-0000-0000-0000-000000000400;idiot;Cinsellik / Küfür;TRUE
00000000-0000-0000-0000-000000000401;idiyot;Cinsellik / Küfür;TRUE
00000000-0000-0000-0000-000000000402;igrenc;Saygısız & Uygunsuz;TRUE
00000000-0000-0000-0000-000000000403;iğrenç;Saygısız & Uygunsuz;TRUE
00000000-0000-0000-0000-000000000404;İKEP;Siyasi;TRUE
00000000-0000-0000-0000-000000000405;İlk Parti;Siyasi;TRUE
00000000-0000-0000-0000-000000000406;İlkeler ve Değerler Partisi;Siyasi;TRUE
00000000-0000-0000-0000-000000000407;imansız;Cinsellik / Küfür;TRUE
00000000-0000-0000-0000-000000000408;imansz;Cinsellik / Küfür;TRUE
00000000-0000-0000-0000-000000000409;ipne;Cinsellik / Küfür;TRUE
00000000-0000-0000-0000-000000000410;Irak ve Şam İslam Devleti ;Siyasi;TRUE
00000000-0000-0000-0000-000000000411;İşçi Demokrasisi Partisi;Siyasi;TRUE
00000000-0000-0000-0000-000000000412;İşçi Kardeşliği Partisi;Siyasi;TRUE
00000000-0000-0000-0000-000000000413;işçi partisi;Siyasi;TRUE
00000000-0000-0000-0000-000000000414;İşçinin Kendi Partisi;Siyasi;TRUE
00000000-0000-0000-0000-000000000415;işerim;Cinsellik / Küfür;TRUE
00000000-0000-0000-0000-000000000416;IŞİD;Siyasi;TRUE
00000000-0000-0000-0000-000000000417;İŞİD;Siyasi;TRUE
00000000-0000-0000-0000-000000000418;islamci;Siyasi;TRUE
00000000-0000-0000-0000-000000000419;İslamcı;Siyasi;TRUE
00000000-0000-0000-0000-000000000420;İslami Büyük Doğu Akıncılar Cephesi;Siyasi;TRUE
00000000-0000-0000-0000-000000000421;itoğlu it;Cinsellik / Küfür;TRUE
00000000-0000-0000-0000-000000000422;Iyı partı;Siyasi;TRUE
00000000-0000-0000-0000-000000000423;İyi parti;Siyasi;TRUE
00000000-0000-0000-0000-000000000424;jartiyer;Cinsellik / Küfür;TRUE
00000000-0000-0000-0000-000000000425;jigolo;Cinsellik / Küfür;TRUE
00000000-0000-0000-0000-000000000426;Kadın Partisi;Siyasi;TRUE
00000000-0000-0000-0000-000000000427;kafam girsin;Cinsellik / Küfür;TRUE
00000000-0000-0000-0000-000000000428;kafasiz;Cinsellik / Küfür;TRUE
00000000-0000-0000-0000-000000000429;kafasız;Cinsellik / Küfür;TRUE
00000000-0000-0000-0000-000000000430;kafayı bulmak ;Saygısız & Uygunsuz;TRUE
00000000-0000-0000-0000-000000000431;kafayı çekmek ;Saygısız & Uygunsuz;TRUE
00000000-0000-0000-0000-000000000432;kafayı tütsülemek ;Saygısız & Uygunsuz;TRUE
00000000-0000-0000-0000-000000000433;kahpe;Cinsellik / Küfür;TRUE
00000000-0000-0000-0000-000000000434; kaka ;Cinsellik / Küfür;TRUE
00000000-0000-0000-0000-000000000435;kaltak;Cinsellik / Küfür;TRUE
00000000-0000-0000-0000-000000000436;kancik;Cinsellik / Küfür;TRUE
00000000-0000-0000-0000-000000000437;kancık;Cinsellik / Küfür;TRUE
00000000-0000-0000-0000-000000000438;kappe;Cinsellik / Küfür;TRUE
00000000-0000-0000-0000-000000000439;karaktersiz;Saygısız & Uygunsuz;TRUE
00000000-0000-0000-0000-000000000440;karhane;Cinsellik / Küfür;TRUE
00000000-0000-0000-0000-000000000441;kavat;Cinsellik / Küfür;TRUE
00000000-0000-0000-0000-000000000442;kaypak;Saygısız & Uygunsuz;TRUE
00000000-0000-0000-0000-000000000443; kazma ;Saygısız & Uygunsuz;TRUE
00000000-0000-0000-0000-000000000444;Keko;Saygısız & Uygunsuz;TRUE
00000000-0000-0000-0000-000000000445;Kenevir;Uyuşturucu;TRUE
00000000-0000-0000-0000-000000000446;kerane;Cinsellik / Küfür;TRUE
00000000-0000-0000-0000-000000000447;kerhane;Cinsellik / Küfür;TRUE
00000000-0000-0000-0000-000000000448;kevase;Cinsellik / Küfür;TRUE
00000000-0000-0000-0000-000000000449;kevaşe;Cinsellik / Küfür;TRUE
00000000-0000-0000-0000-000000000450;kevvase;Cinsellik / Küfür;TRUE
00000000-0000-0000-0000-000000000451;kıç atmak ;Saygısız & Uygunsuz;TRUE
00000000-0000-0000-0000-000000000452;kinky;Cinsellik / Küfür;TRUE
00000000-0000-0000-0000-000000000453;Kıro;Saygısız & Uygunsuz;TRUE
00000000-0000-0000-0000-000000000454;koca göt;Cinsellik / Küfür;TRUE
00000000-0000-0000-0000-000000000455;koduğmun;Cinsellik / Küfür;TRUE
00000000-0000-0000-0000-000000000456;koduğu;Cinsellik / Küfür;TRUE
00000000-0000-0000-0000-000000000457;kodumunun;Cinsellik / Küfür;TRUE
00000000-0000-0000-0000-000000000458;koduumun;Cinsellik / Küfür;TRUE
00000000-0000-0000-0000-000000000459;Kokain;Uyuşturucu;TRUE
00000000-0000-0000-0000-000000000460;köle;Saygısız & Uygunsuz;TRUE
00000000-0000-0000-0000-000000000461;kopekler;Saygısız & Uygunsuz;TRUE
00000000-0000-0000-0000-000000000462;kopil ;Saygısız & Uygunsuz;TRUE
00000000-0000-0000-0000-000000000463;Kubar;Uyuşturucu;TRUE
00000000-0000-0000-0000-000000000464;Kudüs Ordusu;Siyasi;TRUE
00000000-0000-0000-0000-000000000465;küfür;Saygısız & Uygunsuz;TRUE
00000000-0000-0000-0000-000000000466;kukudaym;Cinsellik / Küfür;TRUE
00000000-0000-0000-0000-000000000467;kulot;Cinsellik / Küfür;TRUE
00000000-0000-0000-0000-000000000468;külot;Cinsellik / Küfür;TRUE
00000000-0000-0000-0000-000000000469;Kürdistan Demokrat Partisi;Siyasi;TRUE
00000000-0000-0000-0000-000000000470;Kürdistan Devrim Partisi;Siyasi;TRUE
00000000-0000-0000-0000-000000000471;Kürdistan Sosyalist Partisi;Siyasi;TRUE
00000000-0000-0000-0000-000000000472;kurtaj;Saygısız & Uygunsuz;TRUE
00000000-0000-0000-0000-000000000473;kürtaj;Saygısız & Uygunsuz;TRUE
00000000-0000-0000-0000-000000000474; lanet;Saygısız & Uygunsuz;TRUE
00000000-0000-0000-0000-000000000475;Lavuk;Saygısız & Uygunsuz;TRUE
00000000-0000-0000-0000-000000000476;lesbian;Cinsellik / Küfür;TRUE
00000000-0000-0000-0000-000000000477;lezbien;Cinsellik / Küfür;TRUE
00000000-0000-0000-0000-000000000478;lezbiyen;Cinsellik / Küfür;TRUE
00000000-0000-0000-0000-000000000479;Liberal Demokrat Parti;Siyasi;TRUE
00000000-0000-0000-0000-000000000480;libidal;Cinsellik / Küfür;TRUE
00000000-0000-0000-0000-000000000481;Libido;Cinsellik / Küfür;TRUE
00000000-0000-0000-0000-000000000482;liboş;Cinsellik / Küfür;TRUE
00000000-0000-0000-0000-000000000483;lolita;Cinsellik / Küfür;TRUE
00000000-0000-0000-0000-000000000484;loser;İngilizce;TRUE
00000000-0000-0000-0000-000000000485;lust;İngilizce;TRUE
00000000-0000-0000-0000-000000000486;madafaka;Cinsellik / Küfür;TRUE
00000000-0000-0000-0000-000000000487;madara etmek ;Saygısız & Uygunsuz;TRUE
00000000-0000-0000-0000-000000000488;madara olmak ;Saygısız & Uygunsuz;TRUE
00000000-0000-0000-0000-000000000489;madik atmak ;Saygısız & Uygunsuz;TRUE
00000000-0000-0000-0000-000000000490;Magic mushroom;Uyuşturucu;TRUE
00000000-0000-0000-0000-000000000491;malafat;Cinsellik / Küfür;TRUE
00000000-0000-0000-0000-000000000492;mal mısın;Cinsellik / Küfür;TRUE
00000000-0000-0000-0000-000000000493;malsınız;Saygısız & Uygunsuz;TRUE
00000000-0000-0000-0000-000000000494;manyak;Cinsellik / Küfür;TRUE
00000000-0000-0000-0000-000000000495;Maoist Komünist Partisi;Siyasi;TRUE
00000000-0000-0000-0000-000000000496;Marihuana;Uyuşturucu;TRUE
00000000-0000-0000-0000-000000000497;Marksist Leninist Komünist Parti ;Siyasi;TRUE
00000000-0000-0000-0000-000000000498;mastirbas;Cinsellik / Küfür;TRUE
00000000-0000-0000-0000-000000000499;mastırbas;Cinsellik / Küfür;TRUE
00000000-0000-0000-0000-000000000500;mastor ;Cinsellik / Küfür;TRUE
00000000-0000-0000-0000-000000000501;mastürbas;Cinsellik / Küfür;TRUE
00000000-0000-0000-0000-000000000502;masturbasyon;Cinsellik / Küfür;TRUE
00000000-0000-0000-0000-000000000503;mastürbasyon;Cinsellik / Küfür;TRUE
00000000-0000-0000-0000-000000000504;Merkez Parti;Siyasi;TRUE
00000000-0000-0000-0000-000000000505;Meskalin;Uyuşturucu;TRUE
00000000-0000-0000-0000-000000000506;mhp;Siyasi;TRUE
00000000-0000-0000-0000-000000000507;Millet Partisi;Siyasi;TRUE
00000000-0000-0000-0000-000000000508;Millî Mücadele Partisi;Siyasi;TRUE
00000000-0000-0000-0000-000000000509;milliyetçi Hareket;Siyasi;TRUE
00000000-0000-0000-0000-000000000510;Milliyetçi Hareket Partisi;Siyasi;TRUE
00000000-0000-0000-0000-000000000511;mincikliyim;Cinsellik / Küfür;TRUE
00000000-0000-0000-0000-000000000512;miting;Siyasi;TRUE
00000000-0000-0000-0000-000000000513;mk;Cinsellik / Küfür;TRUE
00000000-0000-0000-0000-000000000514;mna;Cinsellik / Küfür;TRUE
00000000-0000-0000-0000-000000000515;monakkoluyum;Cinsellik / Küfür;TRUE
00000000-0000-0000-0000-000000000516;moron;Saygısız & Uygunsuz;TRUE
00000000-0000-0000-0000-000000000517;motherfucker;Cinsellik / Küfür;TRUE
00000000-0000-0000-0000-000000000518;Müdafaa-i Hukuk Hareketi Partisi;Siyasi;TRUE
00000000-0000-0000-0000-000000000519;mudik;Cinsellik / Küfür;TRUE
00000000-0000-0000-0000-000000000520;Muhafazakar Yükseliş Partisi;Siyasi;TRUE
00000000-0000-0000-0000-000000000521;nataşa;Saygısız & Uygunsuz;TRUE
00000000-0000-0000-0000-000000000522;ne kadar malsın;Cinsellik / Küfür;TRUE
00000000-0000-0000-0000-000000000523;nude;İngilizce;TRUE
00000000-0000-0000-0000-000000000524;o. çocuğu;Cinsellik / Küfür;TRUE
00000000-0000-0000-0000-000000000525;o.ç;Cinsellik / Küfür;TRUE
00000000-0000-0000-0000-000000000526;oc;Cinsellik / Küfür;TRUE
00000000-0000-0000-0000-000000000527;oç;Cinsellik / Küfür;TRUE
00000000-0000-0000-0000-000000000528;ocalan;Siyasi;TRUE
00000000-0000-0000-0000-000000000529;öcalan;Siyasi;TRUE
00000000-0000-0000-0000-000000000530;oğlancı;Cinsellik / Küfür;TRUE
00000000-0000-0000-0000-000000000531;oğlu it;Cinsellik / Küfür;TRUE
00000000-0000-0000-0000-000000000532;Öküz;Saygısız & Uygunsuz;TRUE
00000000-0000-0000-0000-000000000533;ölüm orucu;Siyasi;TRUE
00000000-0000-0000-0000-000000000534;opusme;Cinsellik / Küfür;TRUE
00000000-0000-0000-0000-000000000535;öpüşmek;Cinsellik / Küfür;TRUE
00000000-0000-0000-0000-000000000536;oral seks;Cinsellik / Küfür;TRUE
00000000-0000-0000-0000-000000000537;orgazm;Cinsellik / Küfür;TRUE
00000000-0000-0000-0000-000000000538;örgüt;Siyasi;TRUE
00000000-0000-0000-0000-000000000539;orosbucocuu;Cinsellik / Küfür;TRUE
00000000-0000-0000-0000-000000000540;orostoban;Cinsellik / Küfür;TRUE
00000000-0000-0000-0000-000000000541;orostopol;Cinsellik / Küfür;TRUE
00000000-0000-0000-0000-000000000542;orrospu;Cinsellik / Küfür;TRUE
00000000-0000-0000-0000-000000000543;orusp;Cinsellik / Küfür;TRUE
00000000-0000-0000-0000-000000000544;osbir;Cinsellik / Küfür;TRUE
00000000-0000-0000-0000-000000000545;öşex;Cinsellik / Küfür;TRUE
00000000-0000-0000-0000-000000000546;Osmanlı Partisi;Siyasi;TRUE
00000000-0000-0000-0000-000000000547;ossur;Cinsellik / Küfür;TRUE
00000000-0000-0000-0000-000000000548; osur ;Cinsellik / Küfür;TRUE
00000000-0000-0000-0000-000000000549;osurduu;Cinsellik / Küfür;TRUE
00000000-0000-0000-0000-000000000550;osuruk;Cinsellik / Küfür;TRUE
00000000-0000-0000-0000-000000000551;osururum;Cinsellik / Küfür;TRUE
00000000-0000-0000-0000-000000000552;Ötüken Birliği Partisi;Siyasi;TRUE
00000000-0000-0000-0000-000000000553;Özgürlük ve Sosyalizm Partisi;Siyasi;TRUE
00000000-0000-0000-0000-000000000554;paçavra;Saygısız & Uygunsuz;TRUE
00000000-0000-0000-0000-000000000555;paçoz ;Saygısız & Uygunsuz;TRUE
00000000-0000-0000-0000-000000000556;Panabis;Uyuşturucu;TRUE
00000000-0000-0000-0000-000000000557;pantuflacı ;Saygısız & Uygunsuz;TRUE
00000000-0000-0000-0000-000000000558;paspal ;Saygısız & Uygunsuz;TRUE
00000000-0000-0000-0000-000000000559;patlak zar;Cinsellik / Küfür;TRUE
00000000-0000-0000-0000-000000000560;penis;Cinsellik / Küfür;TRUE
00000000-0000-0000-0000-000000000561;pervert;İngilizce;TRUE
00000000-0000-0000-0000-000000000562;pezeve;Cinsellik / Küfür;TRUE
00000000-0000-0000-0000-000000000563;pezo;Cinsellik / Küfür;TRUE
00000000-0000-0000-0000-000000000564;pic;Cinsellik / Küfür;TRUE
00000000-0000-0000-0000-000000000565;piç;Cinsellik / Küfür;TRUE
00000000-0000-0000-0000-000000000566;piçin oğlu;Cinsellik / Küfür;TRUE
00000000-0000-0000-0000-000000000567;picler;Cinsellik / Küfür;TRUE
00000000-0000-0000-0000-000000000568;piçler;Cinsellik / Küfür;TRUE
00000000-0000-0000-0000-000000000569;pisliksin;Cinsellik / Küfür;TRUE
00000000-0000-0000-0000-000000000570;piyasayı boz;Rekabet Hukuku;TRUE
00000000-0000-0000-0000-000000000571;pkk;Siyasi;TRUE
00000000-0000-0000-0000-000000000572;popo;Cinsellik / Küfür;TRUE
00000000-0000-0000-0000-000000000573;porn;Cinsellik / Küfür;TRUE
00000000-0000-0000-0000-000000000574;porno;Cinsellik / Küfür;TRUE
00000000-0000-0000-0000-000000000575;prezervatif;Cinsellik / Küfür;TRUE
00000000-0000-0000-0000-000000000576;puluç ;Saygısız & Uygunsuz;TRUE
00000000-0000-0000-0000-000000000577;pussy;Cinsellik / Küfür;TRUE
00000000-0000-0000-0000-000000000578;Pust;Saygısız & Uygunsuz;TRUE
00000000-0000-0000-0000-000000000579;Puşt;Saygısız & Uygunsuz;TRUE
00000000-0000-0000-0000-000000000580;PYD;Siyasi;TRUE
00000000-0000-0000-0000-000000000581;rakibin daveti;Rekabet Hukuku;TRUE
00000000-0000-0000-0000-000000000582;rakiplere müdahele;Rekabet Hukuku;TRUE
00000000-0000-0000-0000-000000000583;rakiplere uy;Rekabet Hukuku;TRUE
00000000-0000-0000-0000-000000000584;rakiplerin daveti;Rekabet Hukuku;TRUE
00000000-0000-0000-0000-000000000585;rakiplerle işbirliği;Rekabet Hukuku;TRUE
00000000-0000-0000-0000-000000000586;rakiplerle konuş;Rekabet Hukuku;TRUE
00000000-0000-0000-0000-000000000587;rakiplerle toplantı;Rekabet Hukuku;TRUE
00000000-0000-0000-0000-000000000588;rakiplerle yapılan anlaşma;Rekabet Hukuku;TRUE
00000000-0000-0000-0000-000000000589;rekabet ile birlik;Rekabet Hukuku;TRUE
00000000-0000-0000-0000-000000000590;rekabete uy;Rekabet Hukuku;TRUE
00000000-0000-0000-0000-000000000591;rekabeti boz;Rekabet Hukuku;TRUE
00000000-0000-0000-0000-000000000592;Rezils;Saygısız & Uygunsuz;TRUE
00000000-0000-0000-0000-000000000593;rte;Siyasi;TRUE
00000000-0000-0000-0000-000000000594;s.ktir;Cinsellik / Küfür;TRUE
00000000-0000-0000-0000-000000000595;s1kerim;Cinsellik / Küfür;TRUE
00000000-0000-0000-0000-000000000596;s1kerm;Cinsellik / Küfür;TRUE
00000000-0000-0000-0000-000000000597;s1krm;Cinsellik / Küfür;TRUE
00000000-0000-0000-0000-000000000598;Saadet Partisi;Siyasi;TRUE
00000000-0000-0000-0000-000000000599;Sağduyu Partisi;Siyasi;TRUE
00000000-0000-0000-0000-000000000600;sakso;Cinsellik / Küfür;TRUE
00000000-0000-0000-0000-000000000601;salaak;Cinsellik / Küfür;TRUE
00000000-0000-0000-0000-000000000602;salak;Cinsellik / Küfür;TRUE
00000000-0000-0000-0000-000000000603;saloz ;Saygısız & Uygunsuz;TRUE
00000000-0000-0000-0000-000000000604;sapik;Cinsellik / Küfür;TRUE
00000000-0000-0000-0000-000000000605;sapık;Cinsellik / Küfür;TRUE
00000000-0000-0000-0000-000000000606;saxo;Cinsellik / Küfür;TRUE
00000000-0000-0000-0000-000000000607;sehvet;Cinsellik / Küfür;TRUE
00000000-0000-0000-0000-000000000608;şehvet;Cinsellik / Küfür;TRUE
00000000-0000-0000-0000-000000000609;sekis;Cinsellik / Küfür;TRUE
00000000-0000-0000-0000-000000000610; seks ;Cinsellik / Küfür;TRUE
00000000-0000-0000-0000-000000000611;seni sikmek istiyorum;Cinsellik / Küfür;TRUE
00000000-0000-0000-0000-000000000612;senin allah belanı versin;Cinsellik / Küfür;TRUE
00000000-0000-0000-0000-000000000613;seninle seks yapmak istiyorum;Cinsellik / Küfür;TRUE
00000000-0000-0000-0000-000000000614;şeref yoksunu;Cinsellik / Küfür;TRUE
00000000-0000-0000-0000-000000000615;serefsiz;Saygısız & Uygunsuz;TRUE
00000000-0000-0000-0000-000000000616;şerefsiz;Cinsellik / Küfür;TRUE
00000000-0000-0000-0000-000000000617;seriatci;Siyasi;TRUE
00000000-0000-0000-0000-000000000618;şeriatçı;Siyasi;TRUE
00000000-0000-0000-0000-000000000619;sevişelim;Cinsellik / Küfür;TRUE
00000000-0000-0000-0000-000000000620;sevisme;Cinsellik / Küfür;TRUE
00000000-0000-0000-0000-000000000621;sevişme;Cinsellik / Küfür;TRUE
00000000-0000-0000-0000-000000000622;sex;Cinsellik / Küfür;TRUE
00000000-0000-0000-0000-000000000623;sexs;Cinsellik / Küfür;TRUE
00000000-0000-0000-0000-000000000624;sıç;Cinsellik / Küfür;TRUE
00000000-0000-0000-0000-000000000625;sıçacağım;Cinsellik / Küfür;TRUE
00000000-0000-0000-0000-000000000626;sıçacam;Cinsellik / Küfür;TRUE
00000000-0000-0000-0000-000000000627;sıçarım;Cinsellik / Küfür;TRUE
00000000-0000-0000-0000-000000000628;sicarsin;Cinsellik / Küfür;TRUE
00000000-0000-0000-0000-000000000629;sıçdığım;Cinsellik / Küfür;TRUE
00000000-0000-0000-0000-000000000630;sıçık;Cinsellik / Küfür;TRUE
00000000-0000-0000-0000-000000000631;sıçırtma;Cinsellik / Küfür;TRUE
00000000-0000-0000-0000-000000000632;sıçmık;Cinsellik / Küfür;TRUE
00000000-0000-0000-0000-000000000633;sıçtı;Cinsellik / Küfür;TRUE
00000000-0000-0000-0000-000000000634;sidik;Cinsellik / Küfür;TRUE
00000000-0000-0000-0000-000000000635;sie;Cinsellik / Küfür;TRUE
00000000-0000-0000-0000-000000000636;sıecem;Cinsellik / Küfür;TRUE
00000000-0000-0000-0000-000000000637;sıfatsız;Saygısız & Uygunsuz;TRUE
00000000-0000-0000-0000-000000000638;sığır;Saygısız & Uygunsuz;TRUE
00000000-0000-0000-0000-000000000639;sik;Cinsellik / Küfür;TRUE
00000000-0000-0000-0000-000000000640;sikdi;Cinsellik / Küfür;TRUE
00000000-0000-0000-0000-000000000641;sikdiğim;Cinsellik / Küfür;TRUE
00000000-0000-0000-0000-000000000642;sike;Cinsellik / Küfür;TRUE
00000000-0000-0000-0000-000000000643;sikeceğim;Cinsellik / Küfür;TRUE
00000000-0000-0000-0000-000000000644;sikecem;Cinsellik / Küfür;TRUE
00000000-0000-0000-0000-000000000645;sikem;Cinsellik / Küfür;TRUE
00000000-0000-0000-0000-000000000646;siken;Cinsellik / Küfür;TRUE
00000000-0000-0000-0000-000000000647;sikesen;Cinsellik / Küfür;TRUE
00000000-0000-0000-0000-000000000648;sikesicenin;Cinsellik / Küfür;TRUE
00000000-0000-0000-0000-000000000649;sikey;Cinsellik / Küfür;TRUE
00000000-0000-0000-0000-000000000650; siki ;Cinsellik / Küfür;TRUE
00000000-0000-0000-0000-000000000651;sikicem;Cinsellik / Küfür;TRUE
00000000-0000-0000-0000-000000000652;sikici;Cinsellik / Küfür;TRUE
00000000-0000-0000-0000-000000000653;sikien;Cinsellik / Küfür;TRUE
00000000-0000-0000-0000-000000000654;sikienler;Cinsellik / Küfür;TRUE
00000000-0000-0000-0000-000000000655;sikiiim;Cinsellik / Küfür;TRUE
00000000-0000-0000-0000-000000000656;sikiiimmm;Cinsellik / Küfür;TRUE
00000000-0000-0000-0000-000000000657;sikiim;Cinsellik / Küfür;TRUE
00000000-0000-0000-0000-000000000658;sikiir;Cinsellik / Küfür;TRUE
00000000-0000-0000-0000-000000000659;sikiirken;Cinsellik / Küfür;TRUE
00000000-0000-0000-0000-000000000660;sikik;Cinsellik / Küfür;TRUE
00000000-0000-0000-0000-000000000661;sikil;Cinsellik / Küfür;TRUE
00000000-0000-0000-0000-000000000662;sikim;Cinsellik / Küfür;TRUE
00000000-0000-0000-0000-000000000663;sikin;Cinsellik / Küfür;TRUE
00000000-0000-0000-0000-000000000664;sikip;Cinsellik / Küfür;TRUE
00000000-0000-0000-0000-000000000665;sikiş;Cinsellik / Küfür;TRUE
00000000-0000-0000-0000-000000000666;sikisek;Cinsellik / Küfür;TRUE
00000000-0000-0000-0000-000000000667;sikisen;Cinsellik / Küfür;TRUE
00000000-0000-0000-0000-000000000668;sikişen;Cinsellik / Küfür;TRUE
00000000-0000-0000-0000-000000000669;sikish;Cinsellik / Küfür;TRUE
00000000-0000-0000-0000-000000000670;sikişme;Cinsellik / Küfür;TRUE
00000000-0000-0000-0000-000000000671;sikismis;Cinsellik / Küfür;TRUE
00000000-0000-0000-0000-000000000672;sikitiin;Cinsellik / Küfür;TRUE
00000000-0000-0000-0000-000000000673;sikiyim;Cinsellik / Küfür;TRUE
00000000-0000-0000-0000-000000000674;sikiym;Cinsellik / Küfür;TRUE
00000000-0000-0000-0000-000000000675;sikiyorum;Cinsellik / Küfür;TRUE
00000000-0000-0000-0000-000000000676;sikkim;Cinsellik / Küfür;TRUE
00000000-0000-0000-0000-000000000677;sikko;Cinsellik / Küfür;TRUE
00000000-0000-0000-0000-000000000678;sikleri;Cinsellik / Küfür;TRUE
00000000-0000-0000-0000-000000000679;sikli;Cinsellik / Küfür;TRUE
00000000-0000-0000-0000-000000000680;sikm;Cinsellik / Küfür;TRUE
00000000-0000-0000-0000-000000000681;siksem;Cinsellik / Küfür;TRUE
00000000-0000-0000-0000-000000000682;sikseydin;Cinsellik / Küfür;TRUE
00000000-0000-0000-0000-000000000683;sikseyidin;Cinsellik / Küfür;TRUE
00000000-0000-0000-0000-000000000684;siksin;Cinsellik / Küfür;TRUE
00000000-0000-0000-0000-000000000685;siksiz;Cinsellik / Küfür;TRUE
00000000-0000-0000-0000-000000000686;siksok;Cinsellik / Küfür;TRUE
00000000-0000-0000-0000-000000000687;siksz;Cinsellik / Küfür;TRUE
00000000-0000-0000-0000-000000000688;sikti;Cinsellik / Küfür;TRUE
00000000-0000-0000-0000-000000000689;siktiğim;Cinsellik / Küfür;TRUE
00000000-0000-0000-0000-000000000690;siktii;Cinsellik / Küfür;TRUE
00000000-0000-0000-0000-000000000691;siktir;Cinsellik / Küfür;TRUE
00000000-0000-0000-0000-000000000692;sıktır git ya;Cinsellik / Küfür;TRUE
00000000-0000-0000-0000-000000000693;şıllık;Cinsellik / Küfür;TRUE
00000000-0000-0000-0000-000000000694;şırfıntı;Cinsellik / Küfür;TRUE
00000000-0000-0000-0000-000000000695;sisko;Saygısız & Uygunsuz;TRUE
00000000-0000-0000-0000-000000000696;Şişko;Saygısız & Uygunsuz;TRUE
00000000-0000-0000-0000-000000000697;sittimin;Cinsellik / Küfür;TRUE
00000000-0000-0000-0000-000000000698;sittir;Cinsellik / Küfür;TRUE
00000000-0000-0000-0000-000000000699;skcem;Cinsellik / Küfür;TRUE
00000000-0000-0000-0000-000000000700;skecem;Cinsellik / Küfür;TRUE
00000000-0000-0000-0000-000000000701;skem;Cinsellik / Küfür;TRUE
00000000-0000-0000-0000-000000000702;sker;Cinsellik / Küfür;TRUE
00000000-0000-0000-0000-000000000703;skerim;Cinsellik / Küfür;TRUE
00000000-0000-0000-0000-000000000704;skerm;Cinsellik / Küfür;TRUE
00000000-0000-0000-0000-000000000705;skeyim;Cinsellik / Küfür;TRUE
00000000-0000-0000-0000-000000000706;skiim;Cinsellik / Küfür;TRUE
00000000-0000-0000-0000-000000000707;skik;Cinsellik / Küfür;TRUE
00000000-0000-0000-0000-000000000708;skim;Cinsellik / Küfür;TRUE
00000000-0000-0000-0000-000000000709;skime;Cinsellik / Küfür;TRUE
00000000-0000-0000-0000-000000000710;skmek;Cinsellik / Küfür;TRUE
00000000-0000-0000-0000-000000000711;sksin;Cinsellik / Küfür;TRUE
00000000-0000-0000-0000-000000000712;sksn;Cinsellik / Küfür;TRUE
00000000-0000-0000-0000-000000000713;sksz;Cinsellik / Küfür;TRUE
00000000-0000-0000-0000-000000000714;sktiimin;Cinsellik / Küfür;TRUE
00000000-0000-0000-0000-000000000715;sktir;Cinsellik / Küfür;TRUE
00000000-0000-0000-0000-000000000716;sktr;Cinsellik / Küfür;TRUE
00000000-0000-0000-0000-000000000717;sktrr;Cinsellik / Küfür;TRUE
00000000-0000-0000-0000-000000000718;skyim;Cinsellik / Küfür;TRUE
00000000-0000-0000-0000-000000000719;slaleni;Cinsellik / Küfür;TRUE
00000000-0000-0000-0000-000000000720;sokam;Cinsellik / Küfür;TRUE
00000000-0000-0000-0000-000000000721;sokarmkoduumun;Cinsellik / Küfür;TRUE
00000000-0000-0000-0000-000000000722;sokaym;Cinsellik / Küfür;TRUE
00000000-0000-0000-0000-000000000723;sokiim;Cinsellik / Küfür;TRUE
00000000-0000-0000-0000-000000000724;soktuğumunun;Cinsellik / Küfür;TRUE
00000000-0000-0000-0000-000000000725;sokuk;Cinsellik / Küfür;TRUE
00000000-0000-0000-0000-000000000726;sokum;Cinsellik / Küfür;TRUE
00000000-0000-0000-0000-000000000727;sokus;Cinsellik / Küfür;TRUE
00000000-0000-0000-0000-000000000728;sokuş;Cinsellik / Küfür;TRUE
00000000-0000-0000-0000-000000000729;sokuyum;Cinsellik / Küfür;TRUE
00000000-0000-0000-0000-000000000730;Sol Parti;Siyasi;TRUE
00000000-0000-0000-0000-000000000731;Sosyalist Emekçiler Partisi;Siyasi;TRUE
00000000-0000-0000-0000-000000000732;Sosyalist Yeniden Kuruluş Partisi;Siyasi;TRUE
00000000-0000-0000-0000-000000000733;soxum;Cinsellik / Küfür;TRUE
00000000-0000-0000-0000-000000000734;soykirim;Siyasi;TRUE
00000000-0000-0000-0000-000000000735;soykırım;Siyasi;TRUE
00000000-0000-0000-0000-000000000736;sperm;Cinsellik / Küfür;TRUE
00000000-0000-0000-0000-000000000737;striptiz;Cinsellik / Küfür;TRUE
00000000-0000-0000-0000-000000000738;suck;Cinsellik / Küfür;TRUE
00000000-0000-0000-0000-000000000739;sünepe;Saygısız & Uygunsuz;TRUE
00000000-0000-0000-0000-000000000740;şurfuntu;Saygısız & Uygunsuz;TRUE
00000000-0000-0000-0000-000000000741;surtuk;Cinsellik / Küfür;TRUE
00000000-0000-0000-0000-000000000742;sürtük;Cinsellik / Küfür;TRUE
00000000-0000-0000-0000-000000000743;swinger;Cinsellik / Küfür;TRUE
00000000-0000-0000-0000-000000000744;taaklarn;Cinsellik / Küfür;TRUE
00000000-0000-0000-0000-000000000745;taaklarna;Cinsellik / Küfür;TRUE
00000000-0000-0000-0000-000000000746;taciz;Cinsellik / Küfür;TRUE
00000000-0000-0000-0000-000000000747;tarrakimin;Cinsellik / Küfür;TRUE
00000000-0000-0000-0000-000000000748;tasak;Cinsellik / Küfür;TRUE
00000000-0000-0000-0000-000000000749;taşak;Cinsellik / Küfür;TRUE
00000000-0000-0000-0000-000000000750;tassak;Cinsellik / Küfür;TRUE
00000000-0000-0000-0000-000000000751;taşşak;Cinsellik / Küfür;TRUE
00000000-0000-0000-0000-000000000752;tecavuz;Cinsellik / Küfür;TRUE
00000000-0000-0000-0000-000000000753;tecavüz;Cinsellik / Küfür;TRUE
00000000-0000-0000-0000-000000000754;Terbiyesiz;Saygısız & Uygunsuz;TRUE
00000000-0000-0000-0000-000000000755;teror;Siyasi;TRUE
00000000-0000-0000-0000-000000000756;terör;Siyasi;TRUE
00000000-0000-0000-0000-000000000757;Tevhid Selam;Siyasi;TRUE
00000000-0000-0000-0000-000000000758;tipini s.k;Cinsellik / Küfür;TRUE
00000000-0000-0000-0000-000000000759;tipinizi s.keyim;Cinsellik / Küfür;TRUE
00000000-0000-0000-0000-000000000760;tiyniyat;Cinsellik / Küfür;TRUE
00000000-0000-0000-0000-000000000761;Toplumcu Kurtuluş Partisi;Siyasi;TRUE
00000000-0000-0000-0000-000000000762;Torbacı;Uyuşturucu;TRUE
00000000-0000-0000-0000-000000000763;totoş;Cinsellik / Küfür;TRUE
00000000-0000-0000-0000-000000000764;Turan Hareket Partisi;Siyasi;TRUE
00000000-0000-0000-0000-000000000765;Türk Birliği Partisi;Siyasi;TRUE
00000000-0000-0000-0000-000000000766;Türk ve Dünya Birliği Partisi;Siyasi;TRUE
00000000-0000-0000-0000-000000000767;Türkiye Ekonomi ve Kalkınma Partisi;Siyasi;TRUE
00000000-0000-0000-0000-000000000768;Türkiye İşçi Köylü Partisi;Siyasi;TRUE
00000000-0000-0000-0000-000000000769;Türkiye İşçi Partisi;Siyasi;TRUE
00000000-0000-0000-0000-000000000770;Türkiye Komünist Hareketi;Siyasi;TRUE
00000000-0000-0000-0000-000000000771;Türkiye Komünist Partisi;Siyasi;TRUE
00000000-0000-0000-0000-000000000772;Türkiye Komünist Partisi/Marksist-Leninist;Siyasi;TRUE
00000000-0000-0000-0000-000000000773;Türkiye Sosyalist İşçi Partisi;Siyasi;TRUE
00000000-0000-0000-0000-000000000774;TURKUAZ IŞIK;Siyasi;TRUE
00000000-0000-0000-0000-000000000775;Ülkem Partisi;Siyasi;TRUE
00000000-0000-0000-0000-000000000776;ulkucu;Siyasi;TRUE
00000000-0000-0000-0000-000000000777;ülkücü;Siyasi;TRUE
00000000-0000-0000-0000-000000000778;Ulusal Hürriyet Partisi;Siyasi;TRUE
00000000-0000-0000-0000-000000000779;Ulusal Parti;Siyasi;TRUE
00000000-0000-0000-0000-000000000780;Ulus-Hür;Siyasi;TRUE
00000000-0000-0000-0000-000000000781;uyumu bozan;Rekabet Hukuku;TRUE
00000000-0000-0000-0000-000000000782;uyusturucu;Uyuşturucu;TRUE
00000000-0000-0000-0000-000000000783;uyuşturucu;Uyuşturucu;TRUE
00000000-0000-0000-0000-000000000784;vagina;Cinsellik / Küfür;TRUE
00000000-0000-0000-0000-000000000785;vajina;Cinsellik / Küfür;TRUE
00000000-0000-0000-0000-000000000786;Varoş;Saygısız & Uygunsuz;TRUE
00000000-0000-0000-0000-000000000787;Vatan Partisi;Siyasi;TRUE
00000000-0000-0000-0000-000000000788;veled i zina;Cinsellik / Küfür;TRUE
00000000-0000-0000-0000-000000000789;veledizina;Cinsellik / Küfür;TRUE
00000000-0000-0000-0000-000000000790;verdiimin;Cinsellik / Küfür;TRUE
00000000-0000-0000-0000-000000000791;vibratör;Cinsellik / Küfür;TRUE
00000000-0000-0000-0000-000000000792;virgin;Cinsellik / Küfür;TRUE
00000000-0000-0000-0000-000000000793;weledizina;Cinsellik / Küfür;TRUE
00000000-0000-0000-0000-000000000794;whore;Cinsellik / Küfür;TRUE
00000000-0000-0000-0000-000000000795;xikeyim;Cinsellik / Küfür;TRUE
00000000-0000-0000-0000-000000000796;yaaraaa;Cinsellik / Küfür;TRUE
00000000-0000-0000-0000-000000000797;yandaş;Siyasi;TRUE
00000000-0000-0000-0000-000000000798;yaraaam;Cinsellik / Küfür;TRUE
00000000-0000-0000-0000-000000000799;yarağı;Cinsellik / Küfür;TRUE
00000000-0000-0000-0000-000000000800;yaraksız;Cinsellik / Küfür;TRUE
00000000-0000-0000-0000-000000000801;yaraktr;Cinsellik / Küfür;TRUE
00000000-0000-0000-0000-000000000802;yaraminbasi;Cinsellik / Küfür;TRUE
00000000-0000-0000-0000-000000000803;yaramn;Cinsellik / Küfür;TRUE
00000000-0000-0000-0000-000000000804;yarra;Cinsellik / Küfür;TRUE
00000000-0000-0000-0000-000000000805;yavak;Cinsellik / Küfür;TRUE
00000000-0000-0000-0000-000000000806;yavş;Cinsellik / Küfür;TRUE
00000000-0000-0000-0000-000000000807;yavsak;Saygısız & Uygunsuz;TRUE
00000000-0000-0000-0000-000000000808;yavuşak;Cinsellik / Küfür;TRUE
00000000-0000-0000-0000-000000000809;yawşak;Saygısız & Uygunsuz;TRUE
00000000-0000-0000-0000-000000000810;Yeni Dünya Partisi;Siyasi;TRUE
00000000-0000-0000-0000-000000000811;Yeniden Refah;Siyasi;TRUE
00000000-0000-0000-0000-000000000812;Yeniden Refah Partisi;Siyasi;TRUE
00000000-0000-0000-0000-000000000813;Yeşiller ve Sol Gelecek Partisi;Siyasi;TRUE
00000000-0000-0000-0000-000000000814;yrrak;Cinsellik / Küfür;TRUE
00000000-0000-0000-0000-000000000815;Yüce Diriliş Partisi;Siyasi;TRUE
00000000-0000-0000-0000-000000000816;Yurt Partisi;Siyasi;TRUE
00000000-0000-0000-0000-000000000817;zibidi;Cinsellik / Küfür;TRUE
00000000-0000-0000-0000-000000000818;zigsin;Cinsellik / Küfür;TRUE
00000000-0000-0000-0000-000000000819;zikeyim;Cinsellik / Küfür;TRUE
00000000-0000-0000-0000-000000000820;zikii;Cinsellik / Küfür;TRUE
00000000-0000-0000-0000-000000000821;zikik;Cinsellik / Küfür;TRUE
00000000-0000-0000-0000-000000000822;zikim;Cinsellik / Küfür;TRUE
00000000-0000-0000-0000-000000000823;zıkkımım;Cinsellik / Küfür;TRUE
00000000-0000-0000-0000-000000000824;ziksiiin;Cinsellik / Küfür;TRUE
00000000-0000-0000-0000-000000000825;ziksiin;Cinsellik / Küfür;TRUE
00000000-0000-0000-0000-000000000826; zilli ;Saygısız & Uygunsuz;TRUE
00000000-0000-0000-0000-000000000827;zırtapoz ;Saygısız & Uygunsuz;TRUE
00000000-0000-0000-0000-000000000828;züppe;Saygısız & Uygunsuz;TRUE
00000000-0000-0000-0000-000000000829;zviyetini;Cinsellik / Küfür;TRUE
00000000-0000-0000-0000-000000000830;öldürürüm;Şiddet;TRUE
00000000-0000-0000-0000-000000000831;öleceksin;Şiddet;TRUE
00000000-0000-0000-0000-000000000832;inşallah ölürsün;Şiddet;TRUE
00000000-0000-0000-0000-000000000833;döverim;Şiddet;TRUE
00000000-0000-0000-0000-000000000834;döveceğim;Şiddet;TRUE
00000000-0000-0000-0000-000000000835;bıçaklarım;Şiddet;TRUE
00000000-0000-0000-0000-000000000836;ateş et;Şiddet;TRUE
00000000-0000-0000-0000-000000000837;mahfederim;Şiddet;TRUE
00000000-0000-0000-0000-000000000838;perişan ederim;Şiddet;TRUE
00000000-0000-0000-0000-000000000839;ağzını burnunu;Şiddet;TRUE
00000000-0000-0000-0000-000000000840;pişman ederim;Şiddet;TRUE
00000000-0000-0000-0000-000000000841;bittin sen;Şiddet;TRUE
00000000-0000-0000-0000-000000000842;gününü göreceksin;Şiddet;TRUE
00000000-0000-0000-0000-000000000843;gününü gösterece;Şiddet;TRUE
00000000-0000-0000-0000-000000000844; seks.;Cinsellik / Küfür;TRUE
00000000-0000-0000-0000-000000000845;solcu;Siyasi;TRUE
00000000-0000-0000-0000-000000000846;sağcı;Siyasi;TRUE
00000000-0000-0000-0000-000000000847;s.k;Cinsellik / Küfür;TRUE
00000000-0000-0000-0000-000000000848;b.k;Cinsellik / Küfür;TRUE